Page Topic (for us),Title (visible in the web search),H1 (visible on the web page),H2s,H3s,Primary keyword,Secondary keyword 1,Secondary keyword 2,Secondary keyword 3,Secondary keyword 4,Secondary keyword 5,Secondary keyword 6,Secondary keyword 7,Secondary keyword 8,Secondary keyword 9,Secondary keyword 10,Secondary keyword 11,Secondary keyword 12,Secondary keyword 13,Secondary keyword 14
Couple Questions,50 Fun Couple Questions & Quizzes (+ Nemlys App),50 Couple Questions & Quizzes: Strengthen Your Bond with Nemlys,1. Easy Couple Questions to Start With <br>2. Quiz Questions for Deeper Connection <br>3. Daily Questions for Couples <br>4. Why Regular Questions Matter <br>5. Using Nemlys for Daily Couple Connection,• Under H2-1: <br>- Icebreaker Questions for Couples <br>- Fun Getting to Know You Questions <br>- Quick Daily Check-in Questions <br><br>• Under H2-2: <br>- Relationship Understanding Quiz <br>- Compatibility Question Sets <br>- Growth Assessment Questions <br><br>• Under H2-3: <br>- Morning Connection Questions <br>- Evening Wind-down Questions <br>- Weekly Deep Dive Topics,couple questions,quiz for couples,,,,,,,,,,,,,
Couple Therapy,Best Couple Therapy Near Me: Professional Help (2025),Find Expert Couple Therapy & Counseling Near You with Nemlys Support,1. Types of Couples Counseling Available <br>2. Finding the Right Couples Therapist <br>3. Common Relationship Challenges <br>4. Self-Help Between Sessions <br>5. How Nemlys Complements Therapy,• Under H2-1: <br>- In-Person vs Online Therapy <br>- Individual vs Joint Sessions <br>- Specialized Therapy Approaches <br><br>• Under H2-2: <br>- Therapist Qualifications <br>- Questions to Ask Potential Therapists <br>- Insurance and Cost Considerations,couple therapy,couples counseling near me,couples therapy couples,couples therapy therapist,couples counseling,couples therapy near me,therapy couples near me,,,,,,,,
Deep Questions (Boyfriend),75 Deep Questions to Ask Your Boyfriend (+ Nemlys App),75 Meaningful Deep Questions for Your Boyfriend: Connect with Nemlys,1. Essential Deep Questions to Start With <br>2. Questions About Your Future Together <br>3. Understanding His Values & Dreams <br>4. Emotional Connection Questions <br>5. Daily Deep Questions with Nemlys,• Under H2-1: <br>- First-Time Deep Questions <br>- Building Trust Questions <br>- Understanding His Past <br><br>• Under H2-2: <br>- Future Goals and Aspirations <br>- Relationship Expectations <br>- Life Vision Alignment,deep questions to ask to your boyfriend,deep love questions to ask your boyfriend,deep question to ask boyfriend,deep questions to ask a boyfriend,deep questions to ask bf,deep questions to ask my bf,deep questions to ask ur boyfriend,deep questions to ask your bf,deep questions to ask your boyfriend,,,,,,
Deep Questions (Girlfriend),50 Deep Questions to Ask Your Girlfriend (+ Nemlys App),50 Thoughtful Deep Questions for Your Girlfriend: Bond with Nemlys,1. Meaningful First Questions <br>2. Understanding Her Dreams <br>3. Building Emotional Intimacy <br>4. Future Together Questions <br>5. Daily Connection with Nemlys,• Under H2-1: <br>- Opening Up Naturally <br>- Trust-Building Questions <br>- Past Experience Questions <br><br>• Under H2-2: <br>- Personal Goals and Dreams <br>- Relationship Expectations <br>- Shared Future Vision,deep questions to ask your girlfriend,deep love questions to ask your girlfriend,deep questions to ask gf,,,,,,,,,,,,
Love Questions (Partner),35 Love Questions for Couples: Strengthen Your Bond,35 Intimate Love Questions: Deepen Your Connection with Nemlys,1. Foundation Love Questions <br>2. Growing Together Questions <br>3. Future Love & Commitment <br>4. Daily Love Expression <br>5. Nemlys: Your Love Question Guide,• Under H2-1: <br>- Understanding Love Languages <br>- Expressing Love Naturally <br>- Love History Questions <br><br>• Under H2-2: <br>- Growing Love Together <br>- Overcoming Challenges <br>- Celebrating Your Love,love questions to ask your partner,questions to ask your love partner,,,,,,,,,,,,,
Marriage Counseling,Top Marriage Counseling Near Me: Expert Help (2025),Find Professional Marriage Counseling & Support with Nemlys Tools,1. Types of Marriage Counseling <br>2. Finding Your Ideal Counselor <br>3. Common Marriage Challenges <br>4. Self-Help Resources <br>5. Supporting Your Journey with Nemlys,• Under H2-1: <br>- Traditional vs Online Counseling <br>- Individual vs Joint Sessions <br>- Specialized Approaches <br><br>• Under H2-2: <br>- Counselor Credentials <br>- Important Questions to Ask <br>- Cost and Insurance Guide,marriage counseling near me,counseling marriage near me,marital counseling near me,marital relationship counseling,marital therapy near me,marriage and couples counseling,marriage and relationship counseling,marriage counseling,marriage relationship counseling,marriage therapist near me,,,,,
Couples Card Game,100+ Couples Questions Card Game: Deep & Fun Topics,Couples Questions Card Game: 100+ Conversation Starters with Nemlys,1. Getting Started with Question Cards <br>2. Fun Game Night Questions <br>3. Deep Connection Questions <br>4. Conversation Game Rules <br>5. Digital Questions with Nemlys App,• Under H2-1: <br>- How to Play Together <br>- Setting the Right Mood <br>- Making It a Regular Activity <br><br>• Under H2-2: <br>- Lighthearted Questions <br>- Would You Rather Questions <br>- Memory Lane Questions <br><br>• Under H2-3: <br>- Value-Based Questions <br>- Future Planning Topics <br>- Understanding Each Other,conversation card game for couples,questions for a couple game,questions for couple game,couple questions for games,game question for couple,couples questions game,couple game,,,,,,,,
Couple Sex Game,30 Intimate Couple Sex Games: Spice Up Your Bond,30 Exciting Couple Sex Games: Intimacy Guide with Nemlys,1. Getting Started with Intimacy Games <br>2. Building Anticipation Games <br>3. Communication During Play <br>4. Creating Safe Boundaries <br>5. Digital Intimacy with Nemlys,• Under H2-1: <br>- Setting the Mood <br>- Comfort and Trust <br>- Basic Game Rules <br><br>• Under H2-2: <br>- Question-Based Games <br>- Role-Play Ideas <br>- Trust-Building Activities,couple sex game,couple games for sex,,,,,,,,,,,,,
Flirty Questions (GF),40 Flirty Questions for Your Girlfriend: Spark Romance,40 Playful & Flirty Questions: Connect with Your Girlfriend via Nemlys,1. Playful Ice-Breaker Questions <br>2. Romantic Flirty Questions <br>3. Memory-Based Questions <br>4. Future Together Questions <br>5. Daily Flirts with Nemlys,• Under H2-1: <br>- Light and Fun Starters <br>- Compliment Questions <br>- Playful What-Ifs <br><br>• Under H2-2: <br>- Sweet Romantic Questions <br>- Date Night Topics <br>- Future Dreams Together,flirty questions to ask your gf,,,,,,,,,,,,,,
Fun Partner Questions,60 Fun Questions for Partners: Laugh & Connect,60 Fun Questions to Ask Your Partner: Joy with Nemlys,1. Icebreaker Fun Questions <br>2. Silly Would You Rather <br>3. Childhood Memory Questions <br>4. Adventure Planning Questions <br>5. Daily Fun with Nemlys App,• Under H2-1: <br>- Quick Fun Starters <br>- Laugh Together Questions <br>- Entertaining Scenarios <br><br>• Under H2-2: <br>- Funny Choices Questions <br>- Hypothetical Situations <br>- Playful Challenges,fun questions to ask your partner,fun questions to ask partner,funny questions to ask partner,fun questions to ask someone you re dating,,,,,,,,,,,
Get to Know Questions,100 Get to Know You Questions: Couple's Edition,100 Questions to Get to Know Your Partner Better with Nemlys,1. Basic Getting to Know You <br>2. Deeper Understanding Questions <br>3. Past Experience Questions <br>4. Future Goals Questions <br>5. Daily Discovery with Nemlys,• Under H2-1: <br>- Background Questions <br>- Family History Topics <br>- Personal Preferences <br><br>• Under H2-2: <br>- Values and Beliefs <br>- Life Goals Discussion <br>- Relationship Expectations,fun get to know you questions for couples,get to know each other questions,get to know you questions for couples,questions to get to know your partner,,,,,,,,,,,
Lady Questions,25 Good Questions to Ask a Lady: Make Her Smile,25 Thoughtful Questions for Ladies: Connect Naturally with Nemlys,1. Respectful Ice-Breakers <br>2. Interest-Based Questions <br>3. Getting to Know Her <br>4. Future Vision Questions <br>5. Connection via Nemlys App,• Under H2-1: <br>- First Impression Questions <br>- Polite Conversation Starters <br>- Common Interest Topics <br><br>• Under H2-2: <br>- Hobby Discussion <br>- Career and Goals <br>- Personal Values,good questions to ask a lady,questions to ask a lady,,,,,,,,,,,,,
Long Distance,Long Distance Relationship Guide: Stay Connected (2025),Making Long Distance Work: Complete Guide with Nemlys Support,1. LDR Communication Basics <br>2. Virtual Date Ideas <br>3. Maintaining Intimacy <br>4. Handling Challenges <br>5. Staying Connected with Nemlys,• Under H2-1: <br>- Daily Check-in Routines <br>- Quality Video Calls <br>- Text Message Tips <br><br>• Under H2-2: <br>- Online Activities Together <br>- Shared Experiences <br>- Virtual Game Nights,long distance relationship,ld relationship,ldr long distance relationship,ldr relationship,long distance presents,long distance relationship presents,long range relationship,,,,,,,,
Love Questions (BF),45 Love Questions for Your Boyfriend: Heart Melting,45 Romantic Love Questions: Connect with Your Boyfriend via Nemlys,1. Sweet Love Questions <br>2. Future Together Questions <br>3. Relationship Growth Topics <br>4. Expression of Love <br>5. Daily Love with Nemlys,• Under H2-1: <br>- Showing Love Questions <br>- Love Language Topics <br>- Romantic Memories <br><br>• Under H2-2: <br>- Future Dreams Together <br>- Building Trust <br>- Deepening Connection,love questions for your boyfriend,questions about love to ask your boyfriend,questions of love to ask your boyfriend,,,,,,,,,,,,
Love Questions (GF),40 Love Questions for Your Girlfriend: Build Bond,40 Sweet Love Questions: Connect with Your Girlfriend via Nemlys,1. Romantic Love Questions <br>2. Emotional Connection Topics <br>3. Future Dreams Together <br>4. Love Expression Ideas <br>5. Daily Love via Nemlys,• Under H2-1: <br>- Sweet Love Starters <br>- Heart-to-Heart Topics <br>- Love Language Discovery <br><br>• Under H2-2: <br>- Emotional Sharing <br>- Trust Building <br>- Future Planning,love questions to ask your girlfriend,love question for girlfriend,love questions for your girlfriend,questions about love to ask your girlfriend,questions of love to ask your girlfriend,questions to ask your girlfriend about love,,,,,,,,,
Relationship Questions,70 Essential Relationship Questions: Build Trust,70 Important Relationship Questions: Grow Together with Nemlys,1. Foundation Questions <br>2. Growth & Development <br>3. Challenge Resolution <br>4. Future Planning <br>5. Daily Check-ins via Nemlys,• Under H2-1: <br>- Basic Understanding <br>- Values Alignment <br>- Communication Style <br><br>• Under H2-2: <br>- Personal Growth <br>- Couple Development <br>- Shared Goals,relationship related questions,,,,,,,,,,,,,,
Relationship Therapy,Best Relationship Therapy Near Me: Expert Help (2025),Find Professional Relationship Therapy & Support with Nemlys,1. Types of Relationship Therapy <br>2. Choosing Your Therapist <br>3. Common Issues Addressed <br>4. Self-Help Tools <br>5. Supporting Growth with Nemlys,• Under H2-1: <br>- Therapy Approaches <br>- Session Types <br>- Expected Outcomes <br><br>• Under H2-2: <br>- Therapist Credentials <br>- Cost Information <br>- Location Options,relationship therapists,relationship counseling near me,relationship counseling,relationship therapist,,,,,,,,,,,
Questions (Girlfriend),80 Best Questions to Ask Your Girlfriend (+ Nemlys App),80 Essential Questions to Ask Your Girlfriend: Connect with Nemlys,1. Getting Started Questions <br>2. Daily Life Questions <br>3. Relationship Growth Topics <br>4. Future Together Questions <br>5. Personalized Questions with Nemlys,• Under H2-1: <br>- First Time Questions <br>- Casual Conversation Starters <br>- Interest Discovery Questions <br><br>• Under H2-2: <br>- Daily Check-in Topics <br>- Understanding Her World <br>- Shared Experience Questions <br><br>• Under H2-3: <br>- Building Trust Together <br>- Understanding Each Other <br>- Creating Lasting Bonds,questions to ask girlfriend,qns to ask your boyfriend,quiz to ask your boyfriend,ask bf questions,bf questions,question to ask ur boyfriend,questions go ask your boyfriend,questions to all your boyfriend,questions to ask about your boyfriend,questions to ask to ask your boyfriend,questions to ask to ur bf,,,,
Questions (Boyfriend),85 Questions to Ask Your Boyfriend (+ Nemlys App),85 Must-Ask Questions for Your Boyfriend: Bond with Nemlys,1. Essential Starting Questions <br>2. Understanding His World <br>3. Building Your Future <br>4. Relationship Growth <br>5. Daily Connection via Nemlys,• Under H2-1: <br>- Getting to Know Him Better <br>- Daily Life Questions <br>- Interest Exploration <br><br>• Under H2-2: <br>- His Goals and Dreams <br>- Understanding His Values <br>- Past Experiences <br><br>• Under H2-3: <br>- Future Planning Together <br>- Shared Goals Discussion <br>- Building Trust,question to ask for your boyfriend,qns to ask your girlfriend,question ask girlfriend,question asked to girlfriend,question to ask ur girlfriend,questions to ask a your girlfriend,questions to ask my girlfriend,questions to ask your gf,questions to ask your girlfriend,,,,,,
Things to Ask Man,30 Things to Ask Your Man: Deepen Your Bond,30 Important Things to Ask Your Man: Connect Better with Nemlys,1. Understanding Him Better <br>2. Life Goals & Aspirations <br>3. Relationship Topics <br>4. Personal Values <br>5. Daily Bonding with Nemlys,• Under H2-1: <br>- His Perspective on Life <br>- Past Experiences <br>- Current Priorities <br><br>• Under H2-2: <br>- Career and Ambitions <br>- Personal Development <br>- Future Vision <br><br>• Under H2-3: <br>- Relationship Expectations <br>- Building Trust <br>- Growing Together,things to ask your man,,,,,,,,,,,,,,